{
	"info": {
		"_postman_id": "38a7583f-5417-4bf7-905e-c1bb05ba838f",
		"name": "authentication",
		"schema": "https://schema.getpostman.com/json/collection/v2.1.0/collection.json",
		"_exporter_id": "44164519",
		"_collection_link": "https://paula-2473653.postman.co/workspace/paula's-Workspace~60ae1812-302a-4feb-8074-487d94702caf/collection/44027068-38a7583f-5417-4bf7-905e-c1bb05ba838f?action=share&source=collection_link&creator=44164519"
	},
	"item": [
		{
			"name": "user",
			"item": [
				{
					"name": "login",
					"request": {
						"auth": {
							"type": "basic"
						},
						"method": "POST",
						"header": [],
						"body": {
							"mode": "raw",
							"raw": "{\"username\": \"user\", \"password\": \"pass\"}",
							"options": {
								"raw": {
									"language": "json"
								}
							}
						},
						"url": {
							"raw": "https://localhost:8443/api/auth/login",
							"protocol": "https",
							"host": [
								"localhost"
							],
							"port": "8443",
							"path": [
								"api",
								"auth",
								"login"
							]
						}
					},
					"response": []
				},
				{
					"name": "register",
					"request": {
						"method": "POST",
						"header": [],
						"body": {
							"mode": "raw",
							"raw": "{\n    \"name\": \"userNew\",\n    \"email\": \"hnew@gmail.com\",\n    \"roles\": [\n        \"USER\"\n    ],\n    \"phoneNumber\": 112\n}",
							"options": {
								"raw": {
									"language": "json"
								}
							}
						},
						"url": {
							"raw": "https://localhost:8443/api/auth/register",
							"protocol": "https",
							"host": [
								"localhost"
							],
							"port": "8443",
							"path": [
								"api",
								"auth",
								"register"
							]
						}
					},
					"response": []
				}
			]
		},
		{
			"name": "admin",
			"item": [
				{
					"name": "https://localhost:8443/api/auth/login",
					"request": {
						"auth": {
							"type": "basic"
						},
						"method": "POST",
						"header": [],
						"body": {
							"mode": "raw",
							"raw": "{\"username\": \"admin\", \"password\": \"adminpass\"}",
							"options": {
								"raw": {
									"language": "json"
								}
							}
						},
						"url": {
							"raw": "https://localhost:8443/api/auth/login",
							"protocol": "https",
							"host": [
								"localhost"
							],
							"port": "8443",
							"path": [
								"api",
								"auth",
								"login"
							]
						}
					},
					"response": []
				}
			]
		},
		{
			"name": "refresh",
			"request": {
				"auth": {
					"type": "noauth"
				},
				"method": "POST",
				"header": [],
				"url": {
					"raw": "https://localhost:8443/api/auth/refresh",
					"protocol": "https",
					"host": [
						"localhost"
					],
					"port": "8443",
					"path": [
						"api",
						"auth",
						"refresh"
					]
				}
			},
			"response": []
		},
		{
			"name": "logout",
			"request": {
				"auth": {
					"type": "noauth"
				},
				"method": "POST",
				"header": [],
				"url": {
					"raw": "https://localhost:8443/api/auth/logout",
					"protocol": "https",
					"host": [
						"localhost"
					],
					"port": "8443",
					"path": [
						"api",
						"auth",
						"logout"
					]
				}
			},
			"response": []
		}
	]
}