{
	"info": {
		"_postman_id": "679ece03-41af-4ae8-88b2-896f759e308c",
		"name": "products",
		"schema": "https://schema.getpostman.com/json/collection/v2.1.0/collection.json",
		"_exporter_id": "44164519",
		"_collection_link": "https://paula-2473653.postman.co/workspace/paula's-Workspace~60ae1812-302a-4feb-8074-487d94702caf/collection/44027068-679ece03-41af-4ae8-88b2-896f759e308c?action=share&source=collection_link&creator=44164519"
	},
	"item": [
		{
			"name": "showAllProducts",
			"event": [
				{
					"listen": "test",
					"script": {
						"exec": [
							"var template = `",
							"<style type=\"text/css\">",
							"    .tftable {font-size:14px;color:#333333;width:100%;border-width: 1px;border-color: #87ceeb;border-collapse: collapse;}",
							"    .tftable th {font-size:18px;background-color:#87ceeb;border-width: 1px;padding: 8px;border-style: solid;border-color: #87ceeb;text-align:left;}",
							"    .tftable tr {background-color:#ffffff;}",
							"    .tftable td {font-size:14px;border-width: 1px;padding: 8px;border-style: solid;border-color: #87ceeb;}",
							"    .tftable tr:hover {background-color:#e0ffff;}",
							"</style>",
							"",
							"<table class=\"tftable\" border=\"1\">",
							"    <tr>",
							"        <th>Timestamp</th>",
							"        <th>Status</th>",
							"        <th>Error</th>",
							"        <th>Path</th>",
							"    </tr>",
							"    <tr>",
							"        <td>{{response.timestamp}}</td>",
							"        <td>{{response.status}}</td>",
							"        <td>{{response.error}}</td>",
							"        <td>{{response.path}}</td>",
							"    </tr>",
							"</table>",
							"`;",
							"",
							"function constructVisualizerPayload() {",
							"    return { response: pm.response.json() }",
							"}",
							"",
							"pm.visualizer.set(template, constructVisualizerPayload());"
						],
						"type": "text/javascript",
						"packages": {}
					}
				}
			],
			"request": {
				"method": "GET",
				"header": [],
				"url": {
					"raw": "https://localhost:8443/api/products/",
					"protocol": "https",
					"host": [
						"localhost"
					],
					"port": "8443",
					"path": [
						"api",
						"products",
						""
					]
				}
			},
			"response": []
		},
		{
			"name": "showOneProduct",
			"request": {
				"auth": {
					"type": "noauth"
				},
				"method": "GET",
				"header": [],
				"url": {
					"raw": "https://localhost:8443/api/products/1",
					"protocol": "https",
					"host": [
						"localhost"
					],
					"port": "8443",
					"path": [
						"api",
						"products",
						"1"
					]
				}
			},
			"response": []
		},
		{
			"name": "deleteProduct",
			"request": {
				"auth": {
					"type": "noauth"
				},
				"method": "DELETE",
				"header": [],
				"url": {
					"raw": "https://localhost:8443/api/products/2",
					"protocol": "https",
					"host": [
						"localhost"
					],
					"port": "8443",
					"path": [
						"api",
						"products",
						"2"
					]
				}
			},
			"response": []
		},
		{
			"name": "createProduct",
			"request": {
				"auth": {
					"type": "noauth"
				},
				"method": "POST",
				"header": [],
				"body": {
					"mode": "raw",
					"raw": "{\n  \"name\": \"Mario bros juego de moda\",\n  \"price\": 59.99,\n  \"stock\": 50,\n  \"provider\": \"Nintedo\",\n  \"description\": \"El mejor regalo del mundo si tienes una nintedo.\",\n  \"image\": \"https://www.nintendo.com/eu/media/images/10_share_images/portals_3/2x1_SuperMarioHub_image1600w.jpg\",\n  \"reviews\": []\n}",
					"options": {
						"raw": {
							"language": "json"
						}
					}
				},
				"url": {
					"raw": "https://localhost:8443/api/products/",
					"protocol": "https",
					"host": [
						"localhost"
					],
					"port": "8443",
					"path": [
						"api",
						"products",
						""
					]
				}
			},
			"response": []
		},
		{
			"name": "editProduct",
			"request": {
				"auth": {
					"type": "noauth"
				},
				"method": "PUT",
				"header": [],
				"body": {
					"mode": "raw",
					"raw": "{\n  \"name\": \"Raton\",\n  \"price\": 29.99,\n  \"stock\": 50,\n  \"provider\": \"Nintendo\",\n  \"description\": \"Ratón ergonómico con batería recargable.\",\n  \"image\": \"null\",\n  \"reviews\": []\n}",
					"options": {
						"raw": {
							"language": "json"
						}
					}
				},
				"url": {
					"raw": "https://localhost:8443/api/products/1",
					"protocol": "https",
					"host": [
						"localhost"
					],
					"port": "8443",
					"path": [
						"api",
						"products",
						"1"
					]
				}
			},
			"response": []
		}
	]
}