{
	"info": {
		"_postman_id": "048992c0-8b66-4d5e-9c85-7da01a3db8e5",
		"name": "review",
		"schema": "https://schema.getpostman.com/json/collection/v2.1.0/collection.json",
		"_exporter_id": "44164519",
		"_collection_link": "https://paula-2473653.postman.co/workspace/paula's-Workspace~60ae1812-302a-4feb-8074-487d94702caf/collection/44027068-048992c0-8b66-4d5e-9c85-7da01a3db8e5?action=share&source=collection_link&creator=44164519"
	},
	"item": [
		{
			"name": "showOneReview",
			"request": {
				"auth": {
					"type": "noauth"
				},
				"method": "GET",
				"header": [],
				"url": {
					"raw": "https://localhost:8443/api/reviews/1",
					"protocol": "https",
					"host": [
						"localhost"
					],
					"port": "8443",
					"path": [
						"api",
						"reviews",
						"1"
					]
				}
			},
			"response": []
		},
		{
			"name": "showReviews",
			"request": {
				"auth": {
					"type": "noauth"
				},
				"method": "GET",
				"header": [],
				"url": {
					"raw": "https://localhost:8443/api/reviews/",
					"protocol": "https",
					"host": [
						"localhost"
					],
					"port": "8443",
					"path": [
						"api",
						"reviews",
						""
					]
				}
			},
			"response": []
		},
		{
			"name": "createReview",
			"request": {
				"auth": {
					"type": "noauth"
				},
				"method": "POST",
				"header": [],
				"body": {
					"mode": "raw",
					"raw": "    {\n        \"tittle\": null,\n        \"text\": \"no\"\n    }",
					"options": {
						"raw": {
							"language": "json"
						}
					}
				},
				"url": {
					"raw": "https://localhost:8443/api/reviews/",
					"protocol": "https",
					"host": [
						"localhost"
					],
					"port": "8443",
					"path": [
						"api",
						"reviews",
						""
					]
				}
			},
			"response": []
		},
		{
			"name": "editReview",
			"request": {
				"method": "GET",
				"header": [],
				"url": {
					"raw": "https://localhost:8443/api/reviews/2",
					"protocol": "https",
					"host": [
						"localhost"
					],
					"port": "8443",
					"path": [
						"api",
						"reviews",
						"2"
					]
				}
			},
			"response": []
		},
		{
			"name": "deleteReview",
			"request": {
				"method": "DELETE",
				"header": [],
				"url": {
					"raw": "https://localhost:8443/api/reviews/1",
					"protocol": "https",
					"host": [
						"localhost"
					],
					"port": "8443",
					"path": [
						"api",
						"reviews",
						"1"
					]
				}
			},
			"response": []
		}
	]
}