{
	"info": {
		"_postman_id": "d990b936-089e-48da-af6d-f3bd8f754493",
		"name": "user",
		"schema": "https://schema.getpostman.com/json/collection/v2.1.0/collection.json",
		"_exporter_id": "44164519",
		"_collection_link": "https://paula-2473653.postman.co/workspace/paula's-Workspace~60ae1812-302a-4feb-8074-487d94702caf/collection/44027068-d990b936-089e-48da-af6d-f3bd8f754493?action=share&source=collection_link&creator=44164519"
	},
	"item": [
		{
			"name": "user",
			"item": [
				{
					"name": "showMe",
					"request": {
						"auth": {
							"type": "noauth"
						},
						"method": "GET",
						"header": [],
						"url": {
							"raw": "https://localhost:8443/api/users/me",
							"protocol": "https",
							"host": [
								"localhost"
							],
							"port": "8443",
							"path": [
								"api",
								"users",
								"me"
							]
						}
					},
					"response": []
				},
				{
					"name": "editMe",
					"request": {
						"auth": {
							"type": "noauth"
						},
						"method": "PUT",
						"header": [],
						"body": {
							"mode": "raw",
							"raw": "{\n    \"name\": \"name1\",\n    \"email\": \"david@gmail.com\",\n    \"roles\": [\n        \"USER\"\n    ],\n    \"phoneNumber\": 112\n}",
							"options": {
								"raw": {
									"language": "json"
								}
							}
						},
						"url": {
							"raw": "https://localhost:8443/api/users/me",
							"protocol": "https",
							"host": [
								"localhost"
							],
							"port": "8443",
							"path": [
								"api",
								"users",
								"me"
							]
						}
					},
					"response": []
				},
				{
					"name": "deleteMe",
					"request": {
						"method": "DELETE",
						"header": [],
						"url": {
							"raw": "https://localhost:8443/api/users/me",
							"protocol": "https",
							"host": [
								"localhost"
							],
							"port": "8443",
							"path": [
								"api",
								"users",
								"me"
							]
						}
					},
					"response": []
				}
			]
		},
		{
			"name": "admin",
			"item": [
				{
					"name": "showOneUser",
					"request": {
						"auth": {
							"type": "noauth"
						},
						"method": "GET",
						"header": [],
						"url": {
							"raw": "https://localhost:8443/api/users/admin/user/2",
							"protocol": "https",
							"host": [
								"localhost"
							],
							"port": "8443",
							"path": [
								"api",
								"users",
								"admin",
								"user",
								"2"
							]
						}
					},
					"response": []
				},
				{
					"name": "showAllUsers",
					"request": {
						"auth": {
							"type": "noauth"
						},
						"method": "GET",
						"header": [],
						"url": {
							"raw": "https://localhost:8443/api/users/admin",
							"protocol": "https",
							"host": [
								"localhost"
							],
							"port": "8443",
							"path": [
								"api",
								"users",
								"admin"
							]
						}
					},
					"response": []
				},
				{
					"name": "deleteUser",
					"request": {
						"auth": {
							"type": "noauth"
						},
						"method": "DELETE",
						"header": [],
						"url": {
							"raw": "https://localhost:8443/api/users/admin/user/2",
							"protocol": "https",
							"host": [
								"localhost"
							],
							"port": "8443",
							"path": [
								"api",
								"users",
								"admin",
								"user",
								"2"
							]
						}
					},
					"response": []
				},
				{
					"name": "editUserById",
					"request": {
						"auth": {
							"type": "noauth"
						},
						"method": "PUT",
						"header": [],
						"body": {
							"mode": "raw",
							"raw": "{\n    \"name\": \"name2\",\n    \"email\": \"profesor@gmail.com\",\n    \"roles\": [\n        \"USER\"\n    ],\n    \"phoneNumber\": 112\n}",
							"options": {
								"raw": {
									"language": "json"
								}
							}
						},
						"url": {
							"raw": "https://localhost:8443/api/users/admin/2",
							"protocol": "https",
							"host": [
								"localhost"
							],
							"port": "8443",
							"path": [
								"api",
								"users",
								"admin",
								"2"
							]
						}
					},
					"response": []
				},
				{
					"name": "createUser",
					"request": {
						"auth": {
							"type": "noauth"
						},
						"method": "POST",
						"header": [],
						"body": {
							"mode": "raw",
							"raw": "{\n    \"name\": \"holaa\",\n    \"email\": \"hola@gmail.com\",\n    \"roles\": [\n        \"USER\"\n    ],\n    \"phoneNumber\": 112\n}",
							"options": {
								"raw": {
									"language": "json"
								}
							}
						},
						"url": {
							"raw": "https://localhost:8443/api/users/admin",
							"protocol": "https",
							"host": [
								"localhost"
							],
							"port": "8443",
							"path": [
								"api",
								"users",
								"admin"
							]
						}
					},
					"response": []
				}
			]
		}
	]
}