{
    "openapi": "3.1.0",
    "info": {
      "title": "OpenAPI definition",
      "version": "v0"
    },
    "servers": [
      {
        "url": "https://localhost:8443",
        "description": "Generated server url"
      }
    ],
    "paths": {
      "/api/users/me": {
        "get": {
          "tags": [
            "user-rest-controller"
          ],
          "operationId": "me",
          "responses": {
            "404": {
              "description": "Not Found"
            },
            "200": {
              "description": "OK",
              "content": {
                "*/*": {
                  "schema": {
                    "$ref": "#/components/schemas/UserDTO"
                  }
                }
              }
            }
          }
        },
        "put": {
          "tags": [
            "user-rest-controller"
          ],
          "operationId": "updateMe",
          "requestBody": {
            "content": {
              "application/json": {
                "schema": {
                  "$ref": "#/components/schemas/UserDTO"
                }
              }
            },
            "required": true
          },
          "responses": {
            "404": {
              "description": "Not Found"
            },
            "200": {
              "description": "OK",
              "content": {
                "*/*": {
                  "schema": {
                    "$ref": "#/components/schemas/UserDTO"
                  }
                }
              }
            }
          }
        },
        "delete": {
          "tags": [
            "user-rest-controller"
          ],
          "operationId": "deleteCurrentUser",
          "responses": {
            "404": {
              "description": "Not Found"
            },
            "200": {
              "description": "OK",
              "content": {
                "*/*": {
                  "schema": {
                    "$ref": "#/components/schemas/UserDTO"
                  }
                }
              }
            }
          }
        }
      },
      "/api/users/admin/{id}": {
        "put": {
          "tags": [
            "user-rest-controller"
          ],
          "operationId": "updateUserById",
          "parameters": [
            {
              "name": "id",
              "in": "path",
              "required": true,
              "schema": {
                "type": "integer",
                "format": "int64"
              }
            }
          ],
          "requestBody": {
            "content": {
              "application/json": {
                "schema": {
                  "$ref": "#/components/schemas/UserDTO"
                }
              }
            },
            "required": true
          },
          "responses": {
            "404": {
              "description": "Not Found"
            },
            "200": {
              "description": "OK",
              "content": {
                "*/*": {
                  "schema": {
                    "$ref": "#/components/schemas/UserDTO"
                  }
                }
              }
            }
          }
        }
      },
      "/api/products/{id}": {
        "get": {
          "tags": [
            "product-rest-controller"
          ],
          "operationId": "getProduct",
          "parameters": [
            {
              "name": "id",
              "in": "path",
              "required": true,
              "schema": {
                "type": "integer",
                "format": "int64"
              }
            }
          ],
          "responses": {
            "404": {
              "description": "Not Found"
            },
            "200": {
              "description": "OK",
              "content": {
                "*/*": {
                  "schema": {
                    "$ref": "#/components/schemas/ProductDTO"
                  }
                }
              }
            }
          }
        },
        "put": {
          "tags": [
            "product-rest-controller"
          ],
          "operationId": "updateProduct",
          "parameters": [
            {
              "name": "id",
              "in": "path",
              "required": true,
              "schema": {
                "type": "integer",
                "format": "int64"
              }
            }
          ],
          "requestBody": {
            "content": {
              "application/json": {
                "schema": {
                  "$ref": "#/components/schemas/ProductDTO"
                }
              }
            },
            "required": true
          },
          "responses": {
            "404": {
              "description": "Not Found"
            },
            "200": {
              "description": "OK",
              "content": {
                "*/*": {
                  "schema": {
                    "$ref": "#/components/schemas/ProductDTO"
                  }
                }
              }
            }
          }
        },
        "delete": {
          "tags": [
            "product-rest-controller"
          ],
          "operationId": "deleteProduct",
          "parameters": [
            {
              "name": "id",
              "in": "path",
              "required": true,
              "schema": {
                "type": "integer",
                "format": "int64"
              }
            }
          ],
          "responses": {
            "404": {
              "description": "Not Found"
            },
            "200": {
              "description": "OK",
              "content": {
                "*/*": {
                  "schema": {
                    "$ref": "#/components/schemas/ProductDTO"
                  }
                }
              }
            }
          }
        }
      },
      "/api/users/admin": {
        "get": {
          "tags": [
            "user-rest-controller"
          ],
          "operationId": "getAllUsers",
          "responses": {
            "404": {
              "description": "Not Found"
            },
            "200": {
              "description": "OK",
              "content": {
                "*/*": {
                  "schema": {
                    "type": "array",
                    "items": {
                      "$ref": "#/components/schemas/UserDTO"
                    }
                  }
                }
              }
            }
          }
        },
        "post": {
          "tags": [
            "user-rest-controller"
          ],
          "operationId": "createUser",
          "requestBody": {
            "content": {
              "application/json": {
                "schema": {
                  "$ref": "#/components/schemas/UserDTO"
                }
              }
            },
            "required": true
          },
          "responses": {
            "404": {
              "description": "Not Found"
            },
            "200": {
              "description": "OK",
              "content": {
                "*/*": {
                  "schema": {
                    "type": "object"
                  }
                }
              }
            }
          }
        }
      },
      "/api/reviews/": {
        "get": {
          "tags": [
            "review-rest-controller"
          ],
          "operationId": "getAllReviews",
          "responses": {
            "404": {
              "description": "Not Found"
            },
            "200": {
              "description": "OK",
              "content": {
                "*/*": {
                  "schema": {
                    "type": "array",
                    "items": {
                      "$ref": "#/components/schemas/ReviewDTO"
                    }
                  }
                }
              }
            }
          }
        },
        "post": {
          "tags": [
            "review-rest-controller"
          ],
          "operationId": "createReview",
          "requestBody": {
            "content": {
              "application/json": {
                "schema": {
                  "$ref": "#/components/schemas/ReviewDTO"
                }
              }
            },
            "required": true
          },
          "responses": {
            "404": {
              "description": "Not Found"
            },
            "200": {
              "description": "OK",
              "content": {
                "*/*": {
                  "schema": {
                    "$ref": "#/components/schemas/ReviewDTO"
                  }
                }
              }
            }
          }
        }
      },
      "/api/products/": {
        "get": {
          "tags": [
            "product-rest-controller"
          ],
          "operationId": "getProducts",
          "parameters": [
            {
              "name": "pageable",
              "in": "query",
              "required": true,
              "schema": {
                "$ref": "#/components/schemas/Pageable"
              }
            }
          ],
          "responses": {
            "404": {
              "description": "Not Found"
            },
            "200": {
              "description": "OK",
              "content": {
                "*/*": {
                  "schema": {
                    "$ref": "#/components/schemas/PagedModelProductDTO"
                  }
                }
              }
            }
          }
        },
        "post": {
          "tags": [
            "product-rest-controller"
          ],
          "operationId": "createProduct",
          "requestBody": {
            "content": {
              "application/json": {
                "schema": {
                  "$ref": "#/components/schemas/ProductDTO"
                }
              }
            },
            "required": true
          },
          "responses": {
            "404": {
              "description": "Not Found"
            },
            "200": {
              "description": "OK",
              "content": {
                "*/*": {
                  "schema": {
                    "$ref": "#/components/schemas/ProductDTO"
                  }
                }
              }
            }
          }
        }
      },
      "/api/orders/": {
        "get": {
          "tags": [
            "order-rest-controller"
          ],
          "operationId": "getOrders",
          "responses": {
            "404": {
              "description": "Not Found"
            },
            "200": {
              "description": "OK",
              "content": {
                "*/*": {
                  "schema": {
                    "type": "array",
                    "items": {
                      "$ref": "#/components/schemas/OrderDTO"
                    }
                  }
                }
              }
            }
          }
        },
        "post": {
          "tags": [
            "order-rest-controller"
          ],
          "operationId": "createOrder",
          "requestBody": {
            "content": {
              "application/json": {
                "schema": {
                  "$ref": "#/components/schemas/OrderDTO"
                }
              }
            },
            "required": true
          },
          "responses": {
            "404": {
              "description": "Not Found"
            },
            "200": {
              "description": "OK",
              "content": {
                "*/*": {
                  "schema": {
                    "$ref": "#/components/schemas/OrderDTO"
                  }
                }
              }
            }
          }
        }
      },
      "/api/auth/register": {
        "post": {
          "tags": [
            "login-controller"
          ],
          "operationId": "createUser_1",
          "requestBody": {
            "content": {
              "application/json": {
                "schema": {
                  "$ref": "#/components/schemas/UserDTO"
                }
              }
            },
            "required": true
          },
          "responses": {
            "404": {
              "description": "Not Found"
            },
            "200": {
              "description": "OK",
              "content": {
                "*/*": {
                  "schema": {
                    "type": "object"
                  }
                }
              }
            }
          }
        }
      },
      "/api/auth/refresh": {
        "post": {
          "tags": [
            "login-controller"
          ],
          "operationId": "refreshToken",
          "parameters": [
            {
              "name": "RefreshToken",
              "in": "cookie",
              "required": false,
              "schema": {
                "type": "string"
              }
            }
          ],
          "responses": {
            "404": {
              "description": "Not Found"
            },
            "200": {
              "description": "OK",
              "content": {
                "*/*": {
                  "schema": {
                    "$ref": "#/components/schemas/AuthResponse"
                  }
                }
              }
            }
          }
        }
      },
      "/api/auth/logout": {
        "post": {
          "tags": [
            "login-controller"
          ],
          "operationId": "logOut",
          "responses": {
            "404": {
              "description": "Not Found"
            },
            "200": {
              "description": "OK",
              "content": {
                "*/*": {
                  "schema": {
                    "$ref": "#/components/schemas/AuthResponse"
                  }
                }
              }
            }
          }
        }
      },
      "/api/auth/login": {
        "post": {
          "tags": [
            "login-controller"
          ],
          "operationId": "login",
          "requestBody": {
            "content": {
              "application/json": {
                "schema": {
                  "$ref": "#/components/schemas/LoginRequest"
                }
              }
            },
            "required": true
          },
          "responses": {
            "404": {
              "description": "Not Found"
            },
            "200": {
              "description": "OK",
              "content": {
                "*/*": {
                  "schema": {
                    "$ref": "#/components/schemas/AuthResponse"
                  }
                }
              }
            }
          }
        }
      },
      "/api/users/admin/user/{id}": {
        "get": {
          "tags": [
            "user-rest-controller"
          ],
          "operationId": "getUserById",
          "parameters": [
            {
              "name": "id",
              "in": "path",
              "required": true,
              "schema": {
                "type": "integer",
                "format": "int64"
              }
            }
          ],
          "responses": {
            "404": {
              "description": "Not Found"
            },
            "200": {
              "description": "OK",
              "content": {
                "*/*": {
                  "schema": {
                    "$ref": "#/components/schemas/UserDTO"
                  }
                }
              }
            }
          }
        },
        "delete": {
          "tags": [
            "user-rest-controller"
          ],
          "operationId": "deleteUser",
          "parameters": [
            {
              "name": "id",
              "in": "path",
              "required": true,
              "schema": {
                "type": "integer",
                "format": "int64"
              }
            }
          ],
          "responses": {
            "404": {
              "description": "Not Found"
            },
            "200": {
              "description": "OK",
              "content": {
                "*/*": {
                  "schema": {
                    "$ref": "#/components/schemas/UserDTO"
                  }
                }
              }
            }
          }
        }
      },
      "/api/reviews/{id}": {
        "get": {
          "tags": [
            "review-rest-controller"
          ],
          "operationId": "getReview",
          "parameters": [
            {
              "name": "id",
              "in": "path",
              "required": true,
              "schema": {
                "type": "integer",
                "format": "int64"
              }
            }
          ],
          "responses": {
            "404": {
              "description": "Not Found"
            },
            "200": {
              "description": "OK",
              "content": {
                "*/*": {
                  "schema": {
                    "$ref": "#/components/schemas/ReviewDTO"
                  }
                }
              }
            }
          }
        },
        "delete": {
          "tags": [
            "review-rest-controller"
          ],
          "operationId": "deleteReview",
          "parameters": [
            {
              "name": "id",
              "in": "path",
              "required": true,
              "schema": {
                "type": "integer",
                "format": "int64"
              }
            }
          ],
          "responses": {
            "404": {
              "description": "Not Found"
            },
            "200": {
              "description": "OK",
              "content": {
                "*/*": {
                  "schema": {
                    "$ref": "#/components/schemas/ReviewDTO"
                  }
                }
              }
            }
          }
        }
      },
      "/api/orders/{id}": {
        "get": {
          "tags": [
            "order-rest-controller"
          ],
          "operationId": "getOrder",
          "parameters": [
            {
              "name": "id",
              "in": "path",
              "required": true,
              "schema": {
                "type": "integer",
                "format": "int64"
              }
            }
          ],
          "responses": {
            "404": {
              "description": "Not Found"
            },
            "200": {
              "description": "OK",
              "content": {
                "*/*": {
                  "schema": {
                    "$ref": "#/components/schemas/OrderDTO"
                  }
                }
              }
            }
          }
        },
        "delete": {
          "tags": [
            "order-rest-controller"
          ],
          "operationId": "deleteOrder",
          "parameters": [
            {
              "name": "id",
              "in": "path",
              "required": true,
              "schema": {
                "type": "integer",
                "format": "int64"
              }
            }
          ],
          "responses": {
            "404": {
              "description": "Not Found"
            },
            "200": {
              "description": "OK",
              "content": {
                "*/*": {
                  "schema": {
                    "$ref": "#/components/schemas/OrderDTO"
                  }
                }
              }
            }
          }
        }
      }
    },
    "components": {
      "schemas": {
        "UserDTO": {
          "type": "object",
          "properties": {
            "id": {
              "type": "integer",
              "format": "int64"
            },
            "name": {
              "type": "string"
            },
            "email": {
              "type": "string"
            },
            "roles": {
              "type": "array",
              "items": {
                "type": "string"
              }
            },
            "phoneNumber": {
              "type": "integer",
              "format": "int32"
            }
          }
        },
        "ProductDTO": {
          "type": "object",
          "properties": {
            "id": {
              "type": "integer",
              "format": "int64"
            },
            "name": {
              "type": "string"
            },
            "price": {
              "type": "number",
              "format": "double"
            },
            "stock": {
              "type": "integer",
              "format": "int32"
            },
            "provider": {
              "type": "string"
            },
            "description": {
              "type": "string"
            },
            "image": {
              "type": "string"
            },
            "reviews": {
              "type": "array",
              "items": {
                "$ref": "#/components/schemas/ReviewDTO"
              }
            }
          }
        },
        "ReviewDTO": {
          "type": "object",
          "properties": {
            "id": {
              "type": "integer",
              "format": "int64"
            },
            "tittle": {
              "type": "string"
            },
            "text": {
              "type": "string"
            }
          }
        },
        "OrderDTO": {
          "type": "object",
          "properties": {
            "id": {
              "type": "integer",
              "format": "int64"
            },
            "totalPrice": {
              "type": "number",
              "format": "double"
            },
            "owner": {
              "$ref": "#/components/schemas/UserDTO"
            },
            "products": {
              "type": "array",
              "items": {
                "$ref": "#/components/schemas/ProductDTO"
              }
            }
          }
        },
        "AuthResponse": {
          "type": "object",
          "properties": {
            "status": {
              "type": "string",
              "enum": [
                "SUCCESS",
                "FAILURE"
              ]
            },
            "message": {
              "type": "string"
            },
            "error": {
              "type": "string"
            }
          }
        },
        "LoginRequest": {
          "type": "object",
          "properties": {
            "username": {
              "type": "string"
            },
            "password": {
              "type": "string"
            }
          }
        },
        "Pageable": {
          "type": "object",
          "properties": {
            "page": {
              "type": "integer",
              "format": "int32",
              "minimum": 0
            },
            "size": {
              "type": "integer",
              "format": "int32",
              "minimum": 1
            },
            "sort": {
              "type": "array",
              "items": {
                "type": "string"
              }
            }
          }
        },
        "PageMetadata": {
          "type": "object",
          "properties": {
            "size": {
              "type": "integer",
              "format": "int64"
            },
            "number": {
              "type": "integer",
              "format": "int64"
            },
            "totalElements": {
              "type": "integer",
              "format": "int64"
            },
            "totalPages": {
              "type": "integer",
              "format": "int64"
            }
          }
        },
        "PagedModelProductDTO": {
          "type": "object",
          "properties": {
            "content": {
              "type": "array",
              "items": {
                "$ref": "#/components/schemas/ProductDTO"
              }
            },
            "page": {
              "$ref": "#/components/schemas/PageMetadata"
            }
          }
        }
      }
    }
  }